{
    "firstRow": {
        "article1": {
            "itemsImg":"阿飞卡自走棋.jpg",
            "itemTag":{
                "tag1": "卡牌",
                "tag2": "策略",
                "tag3": "自走棋"
            },
            "timeType": {
                "time": "08-28",
                "tag1": "找渠道",
                "tag2": "合作洽谈"
            }
        },
        "article2": {
            "itemsImg":"异世界开宝箱.jpg",
            "itemTag":{
                "tag1": "异世界",
                "tag2": "养成",
                "tag3": "卡牌",
                "tag4": "收集"
            },
            "timeType": {
                "time": "08-11",
                "tag1": "找渠道",
                "tag2": "合作洽谈"
                }
        },
        "article3": {
            "itemsImg":"水晶沙漠测试.jpg",
            "itemTag":{
                "tag1": "角色扮演",
                "tag2": "Roguelike",
                "tag3": "闯关",
                "tag4": "射击",
                "tag5": "冒险"
            },
            "timeType": {
                "time": "07-05",
                "tag1": "找国内代理",
                "tag2": "找投资"
            }
        }
    },
    "secondRow": {
        "article1": {
            "itemsImg":"打鱼喵.jpg",
            "itemTag":{
                "tag1": "二次元",
                "tag2": "放置",
                "tag3": "猫咪",
                "tag4": "收集"
            },
            "timeType": {
                "time": "06-13",
                "tag1": "找国内代理"
            }
        },
        "article2": {
            "itemsImg":"狙击僵尸塔防.jpg",
            "itemTag":{
                "tag1": "塔防",
                "tag2": "策略"
            },
            "timeType": {
                "time": "05-25",
                "tag1": "找国内代理",
                "tag2": "找海外代理",
                "tag3": "找投资"
            }
        },
        "article3": {
            "itemsImg":"冒险世界.jpg",
            "itemTag":{
                "tag1": "独立游戏",
                "tag2": "肉鸽",
                "tag3": "割草"
            },
            "timeType": {
                "time": "03-13",
                "tag1": "找海外代理"
            }
        }
    },
    "thirdRow": {
        "article1": {
            "itemsImg":"疯狂的年兽.jpg",
            "itemTag":{
                "tag1": "卡牌",
                "tag2": "策略",
                "tag3": "RPG"
            },
            "timeType": {
                "time": "03-29",
                "tag1": "找国内代理",
                "tag2": "找海外代理",
                "tag3": "找投资"
            }
        },
        "article2": {
            "itemsImg":"南瓜人大战异形.jpg",
            "itemTag":{
                "tag1": "塔防"
            },
            "timeType": {
                "time": "09-29",
                "tag1": "找渠道",
                "tag2": "合作洽谈"
            }
        },
        "article3": {
            "itemsImg":"云端九歌.jpg",
            "itemTag":{
                "tag1": "3D",
                "tag2": "高画质",
                "tag3": "卡牌",
                "tag4": "冒险",
                "tag5": "策略"
            },
            "timeType": {
                "time": "12-12",
                "tag1": "找渠道",
                "tag2": "找投资"
            }
        }
    }
}